Quentin Tarantino,35650,15637,1,M,33/nm0000233_rm143052544_1963-3-27_1964.jpg
Quentin Tarantino,35662,15637,1,M,33/nm0000233_rm176606976_1963-3-27_1964.jpg
Quentin Tarantino,35689,15637,1,M,33/nm0000233_rm243715840_1963-3-27_1964.jpg
Quentin Tarantino,35691,15637,1,M,33/nm0000233_rm25612032_1963-3-27_1964.jpg
Quentin Tarantino,35692,15637,1,M,33/nm0000233_rm260493056_1963-3-27_1964.jpg
Quentin Tarantino,35705,15637,1,M,33/nm0000233_rm277270272_1963-3-27_1964.jpg
Quentin Tarantino,35775,15637,1,M,33/nm0000233_rm394710784_1963-3-27_1964.jpg
Quentin Tarantino,35797,15637,1,M,33/nm0000233_rm42389248_1963-3-27_1964.jpg
Neil Patrick Harris,57915,14420,3,M,39/nm0000439_rm195952128_1973-6-15_1976.jpg
Neil Patrick Harris,58035,14420,3,M,39/nm0000439_rm263060992_1973-6-15_1976.jpg
Illeana Douglas,98701,7792,0,F,52/nm0001152_rm1139929344_1965-7-25_1965.jpg
Ashley Olsen,118278,1552,1,F,80/nm0001580_rm2822036480_1986-6-13_1987.jpg
Ashley Olsen,118281,1552,1,F,80/nm0001580_rm3225410560_1986-6-13_1987.jpg
Ashley Olsen,118285,1552,1,F,80/nm0001580_rm3275742208_1986-6-13_1987.jpg
Ashley Olsen,118287,1552,1,F,80/nm0001580_rm3292519424_1986-6-13_1987.jpg
Ashley Olsen,118292,1552,1,F,80/nm0001580_rm3376405504_1986-6-13_1987.jpg
Ashley Olsen,118294,1552,1,F,80/nm0001580_rm3393182720_1986-6-13_1987.jpg
Ashley Olsen,118297,1552,1,F,80/nm0001580_rm3443514368_1986-6-13_1987.jpg
Ashley Olsen,118299,1552,1,F,80/nm0001580_rm3460291584_1986-6-13_1987.jpg
Ashley Olsen,118301,1552,1,F,80/nm0001580_rm3477068800_1986-6-13_1987.jpg
Ashley Olsen,118304,1552,1,F,80/nm0001580_rm3527400448_1986-6-13_1987.jpg
Ashley Olsen,118305,1552,1,F,80/nm0001580_rm3544177664_1986-6-13_1987.jpg
Ashley Olsen,118306,1552,1,F,80/nm0001580_rm3560954880_1986-6-13_1987.jpg
Ashley Olsen,118310,1552,1,F,80/nm0001580_rm3661618176_1986-6-13_1987.jpg
Ashley Olsen,118311,1552,1,F,80/nm0001580_rm3728727040_1986-6-13_1987.jpg
Ashley Olsen,118312,1552,1,F,80/nm0001580_rm3745504256_1986-6-13_1987.jpg
Mary-Kate Olsen,118351,12999,1,F,81/nm0001581_rm2886897152_1986-6-13_1987.jpg
Mary-Kate Olsen,118357,12999,1,F,81/nm0001581_rm324643584_1986-6-13_1987.jpg
Mary-Kate Olsen,118363,12999,1,F,81/nm0001581_rm3393182720_1986-6-13_1987.jpg
Mary-Kate Olsen,118371,12999,1,F,81/nm0001581_rm3510623232_1986-6-13_1987.jpg
John Stamos,127844,9722,0,M,64/nm0001764_rm1747561216_1963-8-19_1963.jpg
Zach Galligan,135288,20175,1,M,90/nm0002090_rm1190260992_1964-2-14_1965.jpg
Jermaine Dupri,148661,8958,3,M,89/nm0004889_rm4047346176_1972-9-23_1975.jpg
Mitchel Musso,184866,14037,2,M,53/nm1102053_rm1980603136_1991-7-9_1993.jpg
Madison De La Garza,186554,12353,3,F,10/nm3106310_rm1419613184_2001-12-28_2004.jpg
Madison De La Garza,186555,12353,3,F,10/nm3106310_rm1436517376_2001-12-28_2004.jpg
Madison De La Garza,186556,12353,3,F,10/nm3106310_rm1453167616_2001-12-28_2004.jpg
Madison De La Garza,186557,12353,3,F,10/nm3106310_rm2155459584_2001-12-28_2004.jpg
Madison De La Garza,186558,12353,3,F,10/nm3106310_rm2797372928_2001-12-28_2004.jpg
Madison De La Garza,186559,12353,3,F,10/nm3106310_rm2814150144_2001-12-28_2004.jpg
Madison De La Garza,186560,12353,3,F,10/nm3106310_rm3357379840_2001-12-28_2004.jpg
Madison De La Garza,186561,12353,3,F,10/nm3106310_rm3895243264_2001-12-28_2004.jpg
Madison De La Garza,186562,12353,3,F,10/nm3106310_rm3897857024_2001-12-28_2004.jpg
Madison De La Garza,186563,12353,3,F,10/nm3106310_rm3928797696_2001-12-28_2004.jpg
Madison De La Garza,186564,12353,3,F,10/nm3106310_rm3945574912_2001-12-28_2004.jpg
Madison De La Garza,186565,12353,3,F,10/nm3106310_rm3962352128_2001-12-28_2004.jpg
Madison De La Garza,186566,12353,3,F,10/nm3106310_rm695775744_2001-12-28_2004.jpg
Madison De La Garza,186567,12353,3,F,10/nm3106310_rm746107392_2001-12-28_2004.jpg
Jorge Garcia,191977,9990,2,M,01/nm0306201_rm2295367424_1973-4-28_1975.jpg
Jorge Garcia,191989,9990,2,M,01/nm0306201_rm2496694016_1973-4-28_1975.jpg
Jorge Garcia,191994,9990,2,M,01/nm0306201_rm2547025664_1973-4-28_1975.jpg
Kate Garven,192472,10556,2,F,34/nm0308734_rm1013299456_1986-2-18_1988.jpg
Kate Garven,192473,10556,2,F,34/nm0308734_rm1046853888_1986-2-18_1988.jpg
Kate Garven,192474,10556,2,F,34/nm0308734_rm677755136_1986-2-18_1988.jpg
Kate Garven,192475,10556,2,F,34/nm0308734_rm694532352_1986-2-18_1988.jpg
Kate Garven,192476,10556,2,F,34/nm0308734_rm711309568_1986-2-18_1988.jpg
Kate Garven,192477,10556,2,F,34/nm0308734_rm744864000_1986-2-18_1988.jpg
Kate Garven,192478,10556,2,F,34/nm0308734_rm795195648_1986-2-18_1988.jpg
Kate Garven,192479,10556,2,F,34/nm0308734_rm879081728_1986-2-18_1988.jpg
Kate Garven,192480,10556,2,F,34/nm0308734_rm912636160_1986-2-18_1988.jpg
Armie Hammer,193327,1454,3,M,17/nm2309517_rm1010413568_1986-8-28_1989.jpg
Armie Hammer,193330,1454,3,M,17/nm2309517_rm1027190784_1986-8-28_1989.jpg
Miko Hughes,193660,13936,3,M,16/nm0400816_rm3648964608_1986-2-22_1989.jpg
Sophie Aldred,211067,17944,1,F,44/nm0017644_rm1547617280_1962-8-20_1963.jpg
Kristian Alfonso,211240,11217,2,F,72/nm0019172_rm2707790336_1963-9-5_1965.jpg
Kristian Alfonso,211241,11217,2,F,72/nm0019172_rm2724567552_1963-9-5_1965.jpg
Kristian Alfonso,211242,11217,2,F,72/nm0019172_rm2741344768_1963-9-5_1965.jpg
Nicola Bryant,214557,14561,3,F,97/nm0117197_rm114672384_1960-10-11_1963.jpg
Nicola Bryant,214558,14561,3,F,97/nm0117197_rm2594358016_1960-10-11_1963.jpg
Nicola Bryant,214559,14561,3,F,97/nm0117197_rm4006920960_1960-10-11_1963.jpg
Chelsea Handler,221343,3352,1,F,46/nm1314546_rm229506560_1975-2-25_1976.jpg
Rylie Cregut,221911,16938,0,F,44/nm4314944_rm1222553088_2010-2-12_2010.jpg
Rylie Cregut,221912,16938,0,F,44/nm4314944_rm1423879680_2010-2-12_2010.jpg
Rylie Cregut,221913,16938,3,F,44/nm4314944_rm3272319488_2010-2-12_2013.jpg
Rylie Cregut,221914,16938,3,F,44/nm4314944_rm3322651136_2010-2-12_2013.jpg
Rylie Cregut,221915,16938,0,F,44/nm4314944_rm3492392448_2010-2-12_2010.jpg
Rylie Cregut,221916,16938,0,F,44/nm4314944_rm3593055744_2010-2-12_2010.jpg
Rylie Cregut,221917,16938,0,F,44/nm4314944_rm959819008_2010-2-12_2010.jpg
Rylie Cregut,221918,16938,0,F,44/nm4314944_rm976596224_2010-2-12_2010.jpg
Kyle Red Silverstein,224638,11302,3,M,90/nm2417490_rm226141696_2002-5-21_2005.jpg
Kyle Red Silverstein,224639,11302,3,M,90/nm2417490_rm3141509120_2002-5-21_2005.jpg
Kyle Red Silverstein,224645,11302,3,M,90/nm2417490_rm8037888_2002-5-21_2005.jpg
Erin Murphy,229525,6071,0,F,49/nm0614249_rm3025372160_1964-6-17_1964.jpg
Cole Sprouse,235511,3907,2,M,50/nm0819850_rm3791379712_1992-8-4_1994.jpg
Cole Sprouse,235512,3907,2,M,50/nm0819850_rm3808156928_1992-8-4_1994.jpg
Cole Sprouse,235513,3907,2,M,50/nm0819850_rm3942374656_1992-8-4_1994.jpg
Matthew Waterhouse,237990,13160,2,M,64/nm0913964_rm2936980480_1961-12-19_1963.jpg
Seth Meyers,242996,17510,2,M,78/nm1024878_rm1148042496_1973-12-28_1975.jpg
Seth Meyers,242997,17510,2,M,78/nm1024878_rm1206168832_1973-12-28_1975.jpg
Seth Meyers,242998,17510,2,M,78/nm1024878_rm1221692928_1973-12-28_1975.jpg
Seth Meyers,242999,17510,2,M,78/nm1024878_rm123059456_1973-12-28_1975.jpg
Seth Meyers,243000,17510,2,M,78/nm1024878_rm1271380480_1973-12-28_1975.jpg
Seth Meyers,243003,17510,2,M,78/nm1024878_rm1391569920_1973-12-28_1975.jpg
Seth Meyers,243005,17510,2,M,78/nm1024878_rm139836672_1973-12-28_1975.jpg
Seth Meyers,243010,17510,2,M,78/nm1024878_rm1492233216_1973-12-28_1975.jpg
Seth Meyers,243018,17510,2,M,78/nm1024878_rm1724750080_1973-12-28_1975.jpg
Seth Meyers,243019,17510,2,M,78/nm1024878_rm1750963200_1973-12-28_1975.jpg
Seth Meyers,243020,17510,2,M,78/nm1024878_rm1759816960_1973-12-28_1975.jpg
Seth Meyers,243022,17510,2,M,78/nm1024878_rm1818072064_1973-12-28_1975.jpg
Seth Meyers,243024,17510,2,M,78/nm1024878_rm1834849280_1973-12-28_1975.jpg
Seth Meyers,243026,17510,2,M,78/nm1024878_rm1935512576_1973-12-28_1975.jpg
Seth Meyers,243028,17510,2,M,78/nm1024878_rm2045029632_1973-12-28_1975.jpg
Seth Meyers,243031,17510,2,M,78/nm1024878_rm2409282304_1973-12-28_1975.jpg
Seth Meyers,243033,17510,2,M,78/nm1024878_rm2533536000_1973-12-28_1975.jpg
Seth Meyers,243034,17510,2,M,78/nm1024878_rm2688660992_1973-12-28_1975.jpg
Seth Meyers,243037,17510,2,M,78/nm1024878_rm2800856064_1973-12-28_1975.jpg
Seth Meyers,243039,17510,2,M,78/nm1024878_rm2923542016_1973-12-28_1975.jpg
Seth Meyers,243044,17510,2,M,78/nm1024878_rm3053761024_1973-12-28_1975.jpg
Seth Meyers,243045,17510,2,M,78/nm1024878_rm3087315456_1973-12-28_1975.jpg
Seth Meyers,243049,17510,2,M,78/nm1024878_rm349018368_1973-12-28_1975.jpg
Seth Meyers,243056,17510,2,M,78/nm1024878_rm4257330688_1973-12-28_1975.jpg
Seth Meyers,243060,17510,2,M,78/nm1024878_rm697930752_1973-12-28_1975.jpg
Seth Meyers,243061,17510,2,M,78/nm1024878_rm743553280_1973-12-28_1975.jpg
Seth Meyers,243062,17510,2,M,78/nm1024878_rm748262400_1973-12-28_1975.jpg
Seth Meyers,243064,17510,2,M,78/nm1024878_rm765039616_1973-12-28_1975.jpg
Kristen Wiig,254074,11211,2,F,19/nm1325419_rm1198374144_1973-8-22_1975.jpg
Kristen Wiig,254075,11211,2,F,19/nm1325419_rm1231928576_1973-8-22_1975.jpg
Kristen Wiig,254079,11211,2,F,19/nm1325419_rm1271380480_1973-8-22_1975.jpg
Kristen Wiig,254086,11211,2,F,19/nm1325419_rm1355266560_1973-8-22_1975.jpg
Kristen Wiig,254091,11211,2,F,19/nm1325419_rm1405598208_1973-8-22_1975.jpg
Kristen Wiig,254107,11211,2,F,19/nm1325419_rm173391104_1973-8-22_1975.jpg
Kristen Wiig,254109,11211,2,F,19/nm1325419_rm1783081984_1973-8-22_1975.jpg
Kristen Wiig,254118,11211,2,F,19/nm1325419_rm1918735360_1973-8-22_1975.jpg
Kristen Wiig,254121,11211,2,F,19/nm1325419_rm1994697984_1973-8-22_1975.jpg
Kristen Wiig,254125,11211,2,F,19/nm1325419_rm2157624064_1973-8-22_1975.jpg
Kristen Wiig,254129,11211,2,F,19/nm1325419_rm2207955712_1973-8-22_1975.jpg
Kristen Wiig,254130,11211,2,F,19/nm1325419_rm2224732928_1973-8-22_1975.jpg
Kristen Wiig,254135,11211,2,F,19/nm1325419_rm2358950656_1973-8-22_1975.jpg
Kristen Wiig,254137,11211,2,F,19/nm1325419_rm2409282304_1973-8-22_1975.jpg
Kristen Wiig,254145,11211,2,F,19/nm1325419_rm2499981568_1973-8-22_1975.jpg
Kristen Wiig,254156,11211,2,F,19/nm1325419_rm2738992640_1973-8-22_1975.jpg
Kristen Wiig,254158,11211,2,F,19/nm1325419_rm2755769856_1973-8-22_1975.jpg
Kristen Wiig,254168,11211,2,F,19/nm1325419_rm2906764800_1973-8-22_1975.jpg
Kristen Wiig,254178,11211,2,F,19/nm1325419_rm3236135424_1973-8-22_1975.jpg
Kristen Wiig,254179,11211,2,F,19/nm1325419_rm3252912640_1973-8-22_1975.jpg
Kristen Wiig,254199,11211,2,F,19/nm1325419_rm3694890752_1973-8-22_1975.jpg
Kristen Wiig,254222,11211,2,F,19/nm1325419_rm39173376_1973-8-22_1975.jpg
Kristen Wiig,254249,11211,2,F,19/nm1325419_rm432904448_1973-8-22_1975.jpg
Kristen Wiig,254252,11211,2,F,19/nm1325419_rm500013312_1973-8-22_1975.jpg
Kristen Wiig,254255,11211,2,F,19/nm1325419_rm55950592_1973-8-22_1975.jpg
Kristen Wiig,254270,11211,2,F,19/nm1325419_rm72727808_1973-8-22_1975.jpg
Kristen Wiig,254281,11211,2,F,19/nm1325419_rm911325440_1973-8-22_1975.jpg
Josh Cooke,262871,10054,2,M,15/nm1622615_rm3123895296_1979-11-22_1981.jpg
Seth MacFarlane,286694,17509,3,M,35/nm0532235_rm4080184320_1973-10-26_1976.jpg
Seth MacFarlane,286695,17509,3,M,35/nm0532235_rm4113738752_1973-10-26_1976.jpg
Jason Sudeikis,295256,8558,0,M,77/nm0837177_rm1099407360_1975-9-18_1975.jpg
Jason Sudeikis,295257,8558,0,M,77/nm0837177_rm1131265280_1975-9-18_1975.jpg
Jason Sudeikis,295258,8558,0,M,77/nm0837177_rm1132961792_1975-9-18_1975.jpg
Jason Sudeikis,295263,8558,0,M,77/nm0837177_rm1282260224_1975-9-18_1975.jpg
Jason Sudeikis,295267,8558,0,M,77/nm0837177_rm1374792704_1975-9-18_1975.jpg
Jason Sudeikis,295268,8558,0,M,77/nm0837177_rm1466809600_1975-9-18_1975.jpg
Jason Sudeikis,295269,8558,0,M,77/nm0837177_rm1472707072_1975-9-18_1975.jpg
Jason Sudeikis,295271,8558,0,M,77/nm0837177_rm1559342080_1975-9-18_1975.jpg
Jason Sudeikis,295274,8558,0,M,77/nm0837177_rm1592896512_1975-9-18_1975.jpg
Jason Sudeikis,295276,8558,0,M,77/nm0837177_rm1609673728_1975-9-18_1975.jpg
Jason Sudeikis,295289,8558,0,M,77/nm0837177_rm1750963200_1975-9-18_1975.jpg
Jason Sudeikis,295292,8558,0,M,77/nm0837177_rm1767740416_1975-9-18_1975.jpg
Jason Sudeikis,295303,8558,0,M,77/nm0837177_rm1901958144_1975-9-18_1975.jpg
Jason Sudeikis,295306,8558,0,M,77/nm0837177_rm1918735360_1975-9-18_1975.jpg
Jason Sudeikis,295321,8558,0,M,77/nm0837177_rm2120061952_1975-9-18_1975.jpg
Jason Sudeikis,295322,8558,0,M,77/nm0837177_rm2174401280_1975-9-18_1975.jpg
Jason Sudeikis,295325,8558,0,M,77/nm0837177_rm2248454656_1975-9-18_1975.jpg
Jason Sudeikis,295326,8558,0,M,77/nm0837177_rm2258287360_1975-9-18_1975.jpg
Jason Sudeikis,295334,8558,0,M,77/nm0837177_rm2483204352_1975-9-18_1975.jpg
Jason Sudeikis,295337,8558,0,M,77/nm0837177_rm257277184_1975-9-18_1975.jpg
Jason Sudeikis,295341,8558,0,M,77/nm0837177_rm2738992640_1975-9-18_1975.jpg
Jason Sudeikis,295343,8558,0,M,77/nm0837177_rm2789324288_1975-9-18_1975.jpg
Jason Sudeikis,295348,8558,0,M,77/nm0837177_rm3154424320_1975-9-18_1975.jpg
Jason Sudeikis,295349,8558,0,M,77/nm0837177_rm3187978752_1975-9-18_1975.jpg
Jason Sudeikis,295356,8558,0,M,77/nm0837177_rm332241152_1975-9-18_1975.jpg
Jason Sudeikis,295397,8558,0,M,77/nm0837177_rm4072781312_1975-9-18_1975.jpg
Jason Sudeikis,295413,8558,0,M,77/nm0837177_rm432904448_1975-9-18_1975.jpg
Jason Sudeikis,295430,8558,0,M,77/nm0837177_rm642889984_1975-9-18_1975.jpg
Jason Sudeikis,295433,8558,0,M,77/nm0837177_rm693221632_1975-9-18_1975.jpg
Jason Sudeikis,295437,8558,0,M,77/nm0837177_rm89505024_1975-9-18_1975.jpg
Jason Sudeikis,295438,8558,0,M,77/nm0837177_rm928102656_1975-9-18_1975.jpg
Mia Talerico,296443,13442,2,F,17/nm3835417_rm137149184_2008-9-17_2010.jpg
Mia Talerico,296444,13442,2,F,17/nm3835417_rm153926400_2008-9-17_2010.jpg
Mia Talerico,296445,13442,2,F,17/nm3835417_rm1647098624_2008-9-17_2010.jpg
Mia Talerico,296446,13442,2,F,17/nm3835417_rm1680653056_2008-9-17_2010.jpg
Mia Talerico,296447,13442,2,F,17/nm3835417_rm1697430272_2008-9-17_2010.jpg
Mia Talerico,296448,13442,2,F,17/nm3835417_rm1714207488_2008-9-17_2010.jpg
Mia Talerico,296449,13442,2,F,17/nm3835417_rm19708672_2008-9-17_2010.jpg
Mia Talerico,296450,13442,2,F,17/nm3835417_rm221035264_2008-9-17_2010.jpg
Mia Talerico,296451,13442,2,F,17/nm3835417_rm254589696_2008-9-17_2010.jpg
Mia Talerico,296452,13442,2,F,17/nm3835417_rm288144128_2008-9-17_2010.jpg
Mia Talerico,296453,13442,2,F,17/nm3835417_rm338475776_2008-9-17_2010.jpg
Mia Talerico,296454,13442,2,F,17/nm3835417_rm372030208_2008-9-17_2010.jpg
Mia Talerico,296455,13442,2,F,17/nm3835417_rm405584640_2008-9-17_2010.jpg
Mia Talerico,296456,13442,2,F,17/nm3835417_rm506247936_2008-9-17_2010.jpg
Ross Bagley,301122,16748,2,M,23/nm0046723_rm3655256320_1988-12-5_1990.jpg
Ross Bagley,301126,16748,2,M,23/nm0046723_rm786417920_1988-12-5_1990.jpg
Sharon Case,303720,17610,2,F,61/nm0143261_rm874617600_1971-2-9_1973.jpg
Sharon Case,303721,17610,2,F,61/nm0143261_rm891394816_1971-2-9_1973.jpg
Jean Dujardin,306789,8625,3,M,21/nm0241121_rm2499981568_1972-6-19_1975.jpg
Jean Dujardin,306791,8625,3,M,21/nm0241121_rm2516758784_1972-6-19_1975.jpg
Carrie Brownstein,309234,3021,1,F,55/nm1247855_rm1961143552_1974-9-27_1975.jpg
Carrie Brownstein,309240,3021,1,F,55/nm1247855_rm2028252416_1974-9-27_1975.jpg
Jack McBrayer,314280,7999,2,M,13/nm1442113_rm1783081984_1973-5-27_1975.jpg
Felix Avitia,317403,6282,2,M,22/nm3543122_rm608863744_2002-10-3_2004.jpg
Maya Rudolph,322945,13250,3,F,73/nm0748973_rm3403907584_1972-7-27_1975.jpg
Maya Rudolph,322948,13250,3,F,73/nm0748973_rm3471016448_1972-7-27_1975.jpg
Maya Rudolph,322952,13250,3,F,73/nm0748973_rm365795584_1972-7-27_1975.jpg
Maya Rudolph,322962,13250,3,F,73/nm0748973_rm399350016_1972-7-27_1975.jpg
Maya Rudolph,322965,13250,3,F,73/nm0748973_rm4039226880_1972-7-27_1975.jpg
Maya Rudolph,322966,13250,3,F,73/nm0748973_rm4056004096_1972-7-27_1975.jpg
Maya Rudolph,322967,13250,3,F,73/nm0748973_rm4072781312_1972-7-27_1975.jpg
Maya Rudolph,322969,13250,3,F,73/nm0748973_rm4106335744_1972-7-27_1975.jpg
Maya Rudolph,322970,13250,3,F,73/nm0748973_rm4123112960_1972-7-27_1975.jpg
Maya Rudolph,322972,13250,3,F,73/nm0748973_rm4139890176_1972-7-27_1975.jpg
Maya Rudolph,322974,13250,3,F,73/nm0748973_rm4156667392_1972-7-27_1975.jpg
Maya Rudolph,322982,13250,3,F,73/nm0748973_rm4240553472_1972-7-27_1975.jpg
Maya Rudolph,322985,13250,3,F,73/nm0748973_rm4274107904_1972-7-27_1975.jpg
Maya Rudolph,322986,13250,3,F,73/nm0748973_rm4290885120_1972-7-27_1975.jpg
Maya Rudolph,322987,13250,3,F,73/nm0748973_rm432904448_1972-7-27_1975.jpg
Sarah Sutton,324238,17243,2,F,01/nm0840401_rm1346290688_1961-12-12_1963.jpg
Shane Sweet,324499,17570,1,M,03/nm0842303_rm4227499264_1986-1-6_1987.jpg
Sawyer Sweeten,324511,17285,1,M,26/nm0842326_rm2589580544_1995-5-12_1996.jpg
Sawyer Sweeten,324512,17285,1,M,26/nm0842326_rm4116307200_1995-5-12_1996.jpg
Sawyer Sweeten,324513,17285,1,M,26/nm0842326_rm4149861632_1995-5-12_1996.jpg
Sullivan Sweeten,324514,18346,1,M,27/nm0842327_rm2589580544_1995-5-12_1996.jpg
Sullivan Sweeten,324515,18346,1,M,27/nm0842327_rm4116307200_1995-5-12_1996.jpg
Sullivan Sweeten,324516,18346,1,M,27/nm0842327_rm4149861632_1995-5-12_1996.jpg
Sandy,327956,17143,1,M,45/nm1940545_rm1081919488_1984-0-0_1984.jpg
Sandy,327957,17143,1,M,45/nm1940545_rm1132251136_1984-0-0_1984.jpg
Sandy,327958,17143,1,M,45/nm1940545_rm1182582784_1984-0-0_1984.jpg
Sandy,327959,17143,1,M,45/nm1940545_rm1199360000_1984-0-0_1984.jpg
Sandy,327960,17143,1,M,45/nm1940545_rm1316800512_1984-0-0_1984.jpg
Sandy,327961,17143,1,M,45/nm1940545_rm1786686208_1984-0-0_1984.jpg
Sandy,327962,17143,1,M,45/nm1940545_rm1971235584_1984-0-0_1984.jpg
Sandy,327963,17143,1,M,45/nm1940545_rm2004790016_1984-0-0_1984.jpg
Robert Kazinsky,330924,16393,2,M,17/nm2059117_rm790926080_1983-11-18_1985.jpg
Derek Jeter,333345,5017,2,F,13/nm1157013_rm4164334336_1974-6-26_1976.jpg
Jaime King,342662,8117,2,F,09/nm0454809_rm2251480064_1979-4-23_1981.jpg
Isabel Lucas,343745,7861,3,F,70/nm1456970_rm509982976_1985-1-29_1988.jpg
Isabel Lucas,343750,7861,3,F,70/nm1456970_rm73775360_1985-1-29_1988.jpg
Isabel Lucas,343752,7861,3,F,70/nm1456970_rm811972864_1985-1-29_1988.jpg
Finesse Mitchell,343800,6309,3,M,09/nm1459509_rm416193280_1972-6-12_1975.jpg
Jackson Brundage,360693,8055,2,M,47/nm2069547_rm1250662656_2001-1-21_2003.jpg
Jackson Brundage,360694,8055,2,M,47/nm2069547_rm1309575680_2001-1-21_2003.jpg
Jackson Brundage,360695,8055,2,M,47/nm2069547_rm1326352896_2001-1-21_2003.jpg
Jackson Brundage,360696,8055,2,M,47/nm2069547_rm1412202496_2001-1-21_2003.jpg
Jackson Brundage,360697,8055,2,M,47/nm2069547_rm1445756928_2001-1-21_2003.jpg
Jackson Brundage,360698,8055,2,M,47/nm2069547_rm289248768_2001-1-21_2003.jpg
Jackson Brundage,360699,8055,2,M,47/nm2069547_rm306025984_2001-1-21_2003.jpg
Jackson Brundage,360700,8055,2,M,47/nm2069547_rm3099429120_2001-1-21_2003.jpg
Jackson Brundage,360701,8055,2,M,47/nm2069547_rm3132983552_2001-1-21_2003.jpg
Jackson Brundage,360702,8055,2,M,47/nm2069547_rm3875308032_2001-1-21_2003.jpg
Jackson Brundage,360703,8055,2,M,47/nm2069547_rm3927015680_2001-1-21_2003.jpg
Jackson Brundage,360704,8055,2,M,47/nm2069547_rm3943792896_2001-1-21_2003.jpg
Jackson Brundage,360705,8055,2,M,47/nm2069547_rm3960570112_2001-1-21_2003.jpg
Jackson Brundage,360706,8055,2,M,47/nm2069547_rm3977347328_2001-1-21_2003.jpg
Jackson Brundage,360707,8055,2,M,47/nm2069547_rm4111565056_2001-1-21_2003.jpg
Jackson Brundage,360708,8055,2,M,47/nm2069547_rm4208244224_2001-1-21_2003.jpg
Jackson Brundage,360709,8055,2,M,47/nm2069547_rm4258575872_2001-1-21_2003.jpg
Jackson Brundage,360710,8055,2,M,47/nm2069547_rm4292130304_2001-1-21_2003.jpg
Jackson Brundage,360711,8055,2,M,47/nm2069547_rm547522048_2001-1-21_2003.jpg
Jackson Brundage,360712,8055,2,M,47/nm2069547_rm748848640_2001-1-21_2003.jpg
Jackson Brundage,360713,8055,2,M,47/nm2069547_rm765625856_2001-1-21_2003.jpg
Jackson Brundage,360714,8055,2,M,47/nm2069547_rm782403072_2001-1-21_2003.jpg
Jackson Brundage,360715,8055,2,M,47/nm2069547_rm799180288_2001-1-21_2003.jpg
Junior Walker,362319,10349,3,M,78/nm1161978_rm1211600384_1985-8-27_1988.jpg
Jimmy Fallon,364745,9211,1,M,22/nm0266422_rm1866968064_1974-9-19_1975.jpg
Jimmy Fallon,364764,9211,1,M,22/nm0266422_rm2755769856_1974-9-19_1975.jpg
Jimmy Fallon,364808,9211,1,M,22/nm0266422_rm466458880_1974-9-19_1975.jpg
Jimmy Fallon,364814,9211,1,M,22/nm0266422_rm575781120_1974-9-19_1975.jpg
Jimmy Fallon,364816,9211,1,M,22/nm0266422_rm676444416_1974-9-19_1975.jpg
Dakota Fanning,365157,4182,0,F,24/nm0266824_rm821681408_1994-2-23_1994.jpg
Bryton James,374056,2728,3,M,71/nm0565971_rm3498035200_1986-8-17_1989.jpg
Adam Saunders,379844,150,2,M,19/nm0766719_rm493205760_1986-11-6_1988.jpg
Adam Saunders,379845,150,2,M,19/nm0766719_rm56998144_1986-11-6_1988.jpg
Tyger Drew-Honey,380434,19433,1,M,27/nm2762027_rm1576850944_1996-1-26_1997.jpg
Tyger Drew-Honey,380435,19433,1,M,27/nm2762027_rm2197607936_1996-1-26_1997.jpg
Tyger Drew-Honey,380436,19433,1,M,27/nm2762027_rm2247939584_1996-1-26_1997.jpg
Tyger Drew-Honey,380437,19433,1,M,27/nm2762027_rm2281494016_1996-1-26_1997.jpg
Tyger Drew-Honey,380438,19433,1,M,27/nm2762027_rm2868696576_1996-1-26_1997.jpg
Tyger Drew-Honey,380439,19433,1,M,27/nm2762027_rm3103577600_1996-1-26_1997.jpg
Tyger Drew-Honey,380440,19433,1,M,27/nm2762027_rm3120354816_1996-1-26_1997.jpg
Lyndsy Fonseca,382872,12286,3,F,12/nm0960912_rm482595072_1987-1-7_1990.jpg
Danny Cooksey,387372,4425,3,M,28/nm0177528_rm2590492672_1975-11-2_1978.jpg
Danny Cooksey,387373,4425,3,M,28/nm0177528_rm3865561088_1975-11-2_1978.jpg
Bradley Cooper,387845,2346,0,M,96/nm0177896_rm743553280_1975-1-5_1975.jpg
Jesse Tyler Ferguson,390075,9031,1,M,79/nm0272479_rm3291919104_1975-10-22_1976.jpg
Rachel Bilson,396020,15662,0,F,75/nm1377375_rm2234702848_1981-8-25_1981.jpg
Rachel Bilson,396022,15662,0,F,75/nm1377375_rm2251480064_1981-8-25_1981.jpg
Rachel Bilson,396024,15662,0,F,75/nm1377375_rm2268257280_1981-8-25_1981.jpg
Rachel Bilson,396077,15662,0,F,75/nm1377375_rm3090340864_1981-8-25_1981.jpg
Jodi Gordon,408597,9300,3,F,69/nm1876469_rm157661440_1985-2-1_1988.jpg
Jodi Gordon,408598,9300,3,F,69/nm1876469_rm325433600_1985-2-1_1988.jpg
Jodi Gordon,408599,9300,3,F,69/nm1876469_rm375765248_1985-2-1_1988.jpg
Jodi Gordon,408600,9300,3,F,69/nm1876469_rm728086784_1985-2-1_1988.jpg
Jodi Gordon,408601,9300,3,F,69/nm1876469_rm828750080_1985-2-1_1988.jpg
Jodi Gordon,408602,9300,3,F,69/nm1876469_rm895858944_1985-2-1_1988.jpg
Rhys Wakefield,409230,16013,0,M,22/nm1973422_rm811972864_1988-11-20_1988.jpg
Moose,417150,14112,3,M,50/nm1189150_rm1148307456_1990-12-24_1993.jpg
Moose,417151,14112,3,M,50/nm1189150_rm1282525184_1990-12-24_1993.jpg
Moose,417152,14112,3,M,50/nm1189150_rm1332856832_1990-12-24_1993.jpg
Moose,417153,14112,3,M,50/nm1189150_rm1752287232_1990-12-24_1993.jpg
Moose,417154,14112,3,M,50/nm1189150_rm1886504960_1990-12-24_1993.jpg
Moose,417155,14112,3,M,50/nm1189150_rm2003945472_1990-12-24_1993.jpg
Moose,417156,14112,3,M,50/nm1189150_rm2138163200_1990-12-24_1993.jpg
Grumpy Cat,427816,7188,3,F,82/nm5585082_rm244380416_2012-4-4_2015.jpg
Bradley Pickren,430177,2350,2,M,24/nm1688524_rm2493287680_2002-10-0_2004.jpg
Spencer Pickren,430178,17995,2,M,25/nm1688525_rm2493287680_2002-10-0_2004.jpg
Aubrey Anderson-Emmons,430704,1590,2,F,45/nm4682545_rm1020638720_2007-6-6_2009.jpg
Aubrey Anderson-Emmons,430705,1590,2,F,45/nm4682545_rm1048225280_2007-6-6_2009.jpg
Aubrey Anderson-Emmons,430706,1590,2,F,45/nm4682545_rm1094368512_2007-6-6_2009.jpg
Aubrey Anderson-Emmons,430707,1590,2,F,45/nm4682545_rm114669056_2007-6-6_2009.jpg
Aubrey Anderson-Emmons,430708,1590,2,F,45/nm4682545_rm128174592_2007-6-6_2009.jpg
Aubrey Anderson-Emmons,430709,1590,2,F,45/nm4682545_rm1295695104_2007-6-6_2009.jpg
Aubrey Anderson-Emmons,430710,1590,2,F,45/nm4682545_rm131446272_2007-6-6_2009.jpg
Aubrey Anderson-Emmons,430711,1590,2,F,45/nm4682545_rm1364701440_2007-6-6_2009.jpg
Aubrey Anderson-Emmons,430712,1590,2,F,45/nm4682545_rm138202624_2007-6-6_2009.jpg
Aubrey Anderson-Emmons,430714,1590,2,F,45/nm4682545_rm1520422912_2007-6-6_2009.jpg
Aubrey Anderson-Emmons,430715,1590,2,F,45/nm4682545_rm1525719296_2007-6-6_2009.jpg
Aubrey Anderson-Emmons,430716,1590,2,F,45/nm4682545_rm1532473600_2007-6-6_2009.jpg
Aubrey Anderson-Emmons,430717,1590,2,F,45/nm4682545_rm1542496512_2007-6-6_2009.jpg
Aubrey Anderson-Emmons,430718,1590,2,F,45/nm4682545_rm1553977344_2007-6-6_2009.jpg
Aubrey Anderson-Emmons,430719,1590,2,F,45/nm4682545_rm1566028032_2007-6-6_2009.jpg
Aubrey Anderson-Emmons,430720,1590,2,F,45/nm4682545_rm1570754560_2007-6-6_2009.jpg
Aubrey Anderson-Emmons,430722,1590,2,F,45/nm4682545_rm1587531776_2007-6-6_2009.jpg
Aubrey Anderson-Emmons,430723,1590,2,F,45/nm4682545_rm1604308992_2007-6-6_2009.jpg
Aubrey Anderson-Emmons,430724,1590,2,F,45/nm4682545_rm1614459904_2007-6-6_2009.jpg
Aubrey Anderson-Emmons,430725,1590,2,F,45/nm4682545_rm1648012800_2007-6-6_2009.jpg
Aubrey Anderson-Emmons,430726,1590,2,F,45/nm4682545_rm1648014336_2007-6-6_2009.jpg
Aubrey Anderson-Emmons,430727,1590,2,F,45/nm4682545_rm171617792_2007-6-6_2009.jpg
Aubrey Anderson-Emmons,430728,1590,2,F,45/nm4682545_rm1731900416_2007-6-6_2009.jpg
Aubrey Anderson-Emmons,430729,1590,2,F,45/nm4682545_rm2162020096_2007-6-6_2009.jpg
Aubrey Anderson-Emmons,430730,1590,2,F,45/nm4682545_rm2178797312_2007-6-6_2009.jpg
Aubrey Anderson-Emmons,430731,1590,2,F,45/nm4682545_rm221949440_2007-6-6_2009.jpg
Aubrey Anderson-Emmons,430732,1590,2,F,45/nm4682545_rm2280694016_2007-6-6_2009.jpg
Aubrey Anderson-Emmons,430733,1590,2,F,45/nm4682545_rm2283917824_2007-6-6_2009.jpg
Aubrey Anderson-Emmons,430734,1590,2,F,45/nm4682545_rm2334249472_2007-6-6_2009.jpg
Aubrey Anderson-Emmons,430736,1590,2,F,45/nm4682545_rm2413678336_2007-6-6_2009.jpg
Aubrey Anderson-Emmons,430737,1590,2,F,45/nm4682545_rm2468467200_2007-6-6_2009.jpg
Aubrey Anderson-Emmons,430738,1590,2,F,45/nm4682545_rm2502021632_2007-6-6_2009.jpg
Aubrey Anderson-Emmons,430739,1590,2,F,45/nm4682545_rm2551623680_2007-6-6_2009.jpg
Aubrey Anderson-Emmons,430740,1590,2,F,45/nm4682545_rm2613442304_2007-6-6_2009.jpg
Aubrey Anderson-Emmons,430741,1590,2,F,45/nm4682545_rm2618732544_2007-6-6_2009.jpg
Aubrey Anderson-Emmons,430742,1590,2,F,45/nm4682545_rm2700124416_2007-6-6_2009.jpg
Aubrey Anderson-Emmons,430743,1590,2,F,45/nm4682545_rm2716901632_2007-6-6_2009.jpg
Aubrey Anderson-Emmons,430744,1590,2,F,45/nm4682545_rm2733678848_2007-6-6_2009.jpg
Aubrey Anderson-Emmons,430745,1590,2,F,45/nm4682545_rm2784010496_2007-6-6_2009.jpg
Aubrey Anderson-Emmons,430746,1590,2,F,45/nm4682545_rm289058304_2007-6-6_2009.jpg
Aubrey Anderson-Emmons,430747,1590,2,F,45/nm4682545_rm289197568_2007-6-6_2009.jpg
Aubrey Anderson-Emmons,430749,1590,2,F,45/nm4682545_rm3030622720_2007-6-6_2009.jpg
Aubrey Anderson-Emmons,430751,1590,2,F,45/nm4682545_rm3215172096_2007-6-6_2009.jpg
Aubrey Anderson-Emmons,430752,1590,2,F,45/nm4682545_rm322752000_2007-6-6_2009.jpg
Aubrey Anderson-Emmons,430753,1590,2,F,45/nm4682545_rm3317282048_2007-6-6_2009.jpg
Aubrey Anderson-Emmons,430754,1590,2,F,45/nm4682545_rm3334059264_2007-6-6_2009.jpg
Aubrey Anderson-Emmons,430755,1590,2,F,45/nm4682545_rm3373246720_2007-6-6_2009.jpg
Aubrey Anderson-Emmons,430756,1590,2,F,45/nm4682545_rm339389952_2007-6-6_2009.jpg
Aubrey Anderson-Emmons,430757,1590,2,F,45/nm4682545_rm3531187712_2007-6-6_2009.jpg
Aubrey Anderson-Emmons,430758,1590,2,F,45/nm4682545_rm3615073792_2007-6-6_2009.jpg
Aubrey Anderson-Emmons,430759,1590,2,F,45/nm4682545_rm3648628224_2007-6-6_2009.jpg
Aubrey Anderson-Emmons,430760,1590,2,F,45/nm4682545_rm3665405440_2007-6-6_2009.jpg
Aubrey Anderson-Emmons,430761,1590,2,F,45/nm4682545_rm3809914880_2007-6-6_2009.jpg
Aubrey Anderson-Emmons,430762,1590,2,F,45/nm4682545_rm389721600_2007-6-6_2009.jpg
Aubrey Anderson-Emmons,430763,1590,2,F,45/nm4682545_rm3935553792_2007-6-6_2009.jpg
Aubrey Anderson-Emmons,430764,1590,2,F,45/nm4682545_rm3952331008_2007-6-6_2009.jpg
Aubrey Anderson-Emmons,430765,1590,2,F,45/nm4682545_rm4002662656_2007-6-6_2009.jpg
Aubrey Anderson-Emmons,430766,1590,2,F,45/nm4682545_rm4120103168_2007-6-6_2009.jpg
Aubrey Anderson-Emmons,430767,1590,2,F,45/nm4682545_rm4136880384_2007-6-6_2009.jpg
Aubrey Anderson-Emmons,430770,1590,2,F,45/nm4682545_rm4273583360_2007-6-6_2009.jpg
Aubrey Anderson-Emmons,430771,1590,2,F,45/nm4682545_rm440858880_2007-6-6_2009.jpg
Aubrey Anderson-Emmons,430772,1590,2,F,45/nm4682545_rm456830464_2007-6-6_2009.jpg
Aubrey Anderson-Emmons,430773,1590,2,F,45/nm4682545_rm456832000_2007-6-6_2009.jpg
Aubrey Anderson-Emmons,430774,1590,2,F,45/nm4682545_rm507967744_2007-6-6_2009.jpg
Aubrey Anderson-Emmons,430775,1590,2,F,45/nm4682545_rm538550784_2007-6-6_2009.jpg
Aubrey Anderson-Emmons,430777,1590,2,F,45/nm4682545_rm628794880_2007-6-6_2009.jpg
Aubrey Anderson-Emmons,430778,1590,2,F,45/nm4682545_rm662349312_2007-6-6_2009.jpg
Aubrey Anderson-Emmons,430781,1590,2,F,45/nm4682545_rm77842944_2007-6-6_2009.jpg
Aubrey Anderson-Emmons,430783,1590,2,F,45/nm4682545_rm860466944_2007-6-6_2009.jpg
Aubrey Anderson-Emmons,430784,1590,2,F,45/nm4682545_rm863675904_2007-6-6_2009.jpg
Aubrey Anderson-Emmons,430785,1590,2,F,45/nm4682545_rm947561984_2007-6-6_2009.jpg
Aubrey Anderson-Emmons,430786,1590,2,F,45/nm4682545_rm949090304_2007-6-6_2009.jpg
Aubrey Anderson-Emmons,430787,1590,2,F,45/nm4682545_rm961130240_2007-6-6_2009.jpg
Aubrey Anderson-Emmons,430788,1590,2,F,45/nm4682545_rm967035392_2007-6-6_2009.jpg
Aubrey Anderson-Emmons,430789,1590,2,F,45/nm4682545_rm977907456_2007-6-6_2009.jpg
Aubrey Anderson-Emmons,430790,1590,2,F,45/nm4682545_rm987084288_2007-6-6_2009.jpg
Rick Segall,431302,16203,1,M,48/nm0781848_rm3932473344_1969-3-10_1970.jpg
Rick Segall,431303,16203,1,M,48/nm0781848_rm3999582208_1969-3-10_1970.jpg
Brian Bonsall,437763,2492,1,M,76/nm0095176_rm3363489792_1981-12-3_1982.jpg
Brian Bonsall,437764,2492,1,M,76/nm0095176_rm3430598656_1981-12-3_1982.jpg
Brian Bonsall,437765,2492,1,M,76/nm0095176_rm556378880_1981-12-3_1982.jpg
Toby Froud,444206,19019,3,M,14/nm0296614_rm2497426176_1984-0-0_1986.jpg
Shelby Hoffman,450182,17697,2,F,99/nm1492999_rm1508023040_2002-8-2_2004.jpg
Shelby Hoffman,450183,17697,2,F,99/nm1492999_rm1524800256_2002-8-2_2004.jpg
Shelby Hoffman,450184,17697,2,F,99/nm1492999_rm2291895552_2002-8-2_2004.jpg
Shelby Hoffman,450185,17697,2,F,99/nm1492999_rm2325449984_2002-8-2_2004.jpg
Shelby Hoffman,450186,17697,2,F,99/nm1492999_rm2392558848_2002-8-2_2004.jpg
Shelby Hoffman,450187,17697,2,F,99/nm1492999_rm3248196864_2002-8-2_2004.jpg
Shelby Hoffman,450188,17697,2,F,99/nm1492999_rm3264974080_2002-8-2_2004.jpg
Shelby Hoffman,450189,17697,2,F,99/nm1492999_rm3415969024_2002-8-2_2004.jpg
Shelby Hoffman,450190,17697,2,F,99/nm1492999_rm3449523456_2002-8-2_2004.jpg
Shelby Hoffman,450191,17697,2,F,99/nm1492999_rm3768290560_2002-8-2_2004.jpg
Shelby Hoffman,450192,17697,2,F,99/nm1492999_rm4019948800_2002-8-2_2004.jpg
Shelby Hoffman,450193,17697,2,F,99/nm1492999_rm4036726016_2002-8-2_2004.jpg
Shelby Hoffman,450194,17697,2,F,99/nm1492999_rm4221275392_2002-8-2_2004.jpg
Shelby Hoffman,450195,17697,2,F,99/nm1492999_rm4271607040_2002-8-2_2004.jpg
Shelby Hoffman,450196,17697,2,F,99/nm1492999_rm4288384256_2002-8-2_2004.jpg
Kara Hoffman,450269,10459,2,F,16/nm1495616_rm1508023040_2002-8-2_2004.jpg
Kara Hoffman,450270,10459,2,F,16/nm1495616_rm1524800256_2002-8-2_2004.jpg
Liam Falconer,452416,11804,2,M,57/nm1591757_rm557225984_2003-4-17_2005.jpg
